{
  "project_info": {
    "project_number": "128630423099",
    "firebase_url": "https://mobileprogramming-w8-default-rtdb.asia-southeast1.firebasedatabase.app",
    "project_id": "mobileprogramming-w8",
    "storage_bucket": "mobileprogramming-w8.appspot.com"
  },
  "client": [
    {
      "client_info": {
        "mobilesdk_app_id": "1:128630423099:android:28f371de961fe796e5261e",
        "android_client_info": {
          "package_name": "com.example.myapplication"
        }
      },
      "oauth_client": [],
      "api_key": [
        {
          "current_key": "AIzaSyCarg0VbncagvXNsuSMsZMNCyLwOyM2Efs"
        }
      ],
      "services": {
        "appinvite_service": {
          "other_platform_oauth_client": []
        }
      }
    }
  ],
  "configuration_version": "1"
}